Id_house;name;blazon;motto;followers;exist;Id_kingdom
1;Старки;Серый лютоволк на бело-зелёном фоне;«Зима близко»;91;False;1
2;Болтоны;Красный ободранный человек, распятый вни;«Наши ножи остры»;847;True;1
3;Дастины;Ржавые перекрещённые топоры на жёлтом фо;Неизвестен;126;True;1
4;Мандерли;Белый водяной с зелёными волосами на син;Не известен;785;False;1
5;Флинты;"Синее поле с белыми гребешками волн; в в";«Вечно бдительны» (согласно книгам);449;False;1
6;Гловеры;Серебряный сжатый кулак на красном фоне;Неизвестен;932;True;1
7;Сервины;Чёрный боевой топор на серебряном поле;«Заточен и готов»;547;False;1
8;Карстарки;Белая солнечная вспышка на чёрном фоне;«Солнце зимы»;43;False;1
9;Мормонты;Чёрный медведь в зеленых лесах;«Мы здесь стоим»;641;False;1
10;Амберы;Две скрещённые серебряные цепи на красно;Не известен;800;True;1
11;Рисвеллы;Чёрная голова лошади с красными глазами ;Не известен;310;False;1
12;Риды;Чёрная ящерица на серо-зелёном фоне;Неизвестен;643;False;1
13;Локи;Два скрещённых бронзовых ключа над белым;Не известен;322;False;1
14;Толхарты;Три зелёных ели на коричневом фоне;«Горды и свободны»;329;True;1
15;Хорнвуды;Чёрная голова лося на оранжевом фоне;«Правый в гневе»;441;False;1
16;Пули;Синяя тарелка на белом фоне с серой внут;Не известен;159;True;1
17;Гринлифы;Не известен;Не известен;566;False;1
18;Кассели;Десять белых голов волков на сером фоне ;Не известен;267;False;1
19;Мейзины;Желтые круги на бело-синем клетчатом фон;Неизвестно;409;True;1
20;Моллены;Сосна, покрытая снегом, на бледно-зелёно;Не известен;976;True;2
21;Форрестеры;Белое дерево с силуэтом меча на чёрном ф;«Железо изо льда»;466;False;1
22;Дормунды;Не известен;Не известен;560;False;1
23;Гленморы;Натянутый лук и стрела;Не известен;730;False;1
24;Уэллсы;Не известен;Агыбай батыр всегда !;934;False;1
25;Марши;Десять лягушек на жёлтом фоне;Не известен;682;True;1
26;Уайтхиллы;Белый перевернутый клин на фоне цвета ин;Не известен;178;True;1
27;Холты;Не известен;Не известен;638;True;1
28;Браунбэрроу;Не известен;Не известен;820;True;1
29;Грейсоны;Не известен;Не известен;58;True;1
30;Тауэрсы;Пять башен, обрамленных двойной красной ;Неизвестен;889;False;6
31;Элливеры;Не известен;Не известен;779;True;1
32;Эмберы;Не известен;Не известен;599;False;1
33;Фросты;Не известен;Не известен;881;True;1
34;Талли;Прыгающая серебряная форель среди красно;«Семья, долг, честь»;233;False;6
35;Блэквуды;Стая чёрных воронов, которые кружатся на;Неизвестен;716;True;6
36;Бракены;Красный жеребец на золотом фоне;Неизвестен;344;False;6
37;Маллистеры;Серебряный орёл на синем фоне;«Над остальными»;98;True;6
38;Мутоны;Красный лосось на белом фоне с золотой к;«Мудрость и сила»;330;False;6
39;Смоллвуды;Шесть коричневых желудей на желтом фоне;«С этого начинается»;961;True;6
40;Фреи;Две башни Близнецов и мост между ними на;«Стоим плечом к плечу»;937;False;6
41;Уоды;Три белых ежа на жёлтом фоне;«Не прикасайся ко мне!»;419;True;6
42;Хеддли;Неизвестен;Неизвестен;12;True;6
43;Хэи;Чёрные вилы на золотой косой полосе, изо;Неизвестно;779;False;6
44;Эренфорды;Золотая цапля с черными ногами сжимает ч;Неизвестен;121;True;6
45;Бейлиши;Чёрный пересмешник на жёлтом фонеГолова ;Не известен;617;True;6
46;Дарри;Чёрный пахарь на коричневом поле;Неизвестен;162;False;6
47;Джастмены;Золотые весы на белой поле с двойной син;Не известен;594;True;6
48;Квохерисы;Пылающий красно-жёлтый косой крест и чет;Неизвестен;445;True;6
49;Лотстоны;Черная летучая мышь на скошенном справа ;Неизвестен;281;True;6
50;Мадды;Золотой венец, инкрустированный изумруда;Неизвестен;273;False;6
51;Стронги;Три полосы синего, красного и зеленого ц;Неизвестен;256;True;6
52;Уэнты;Девять летучих мышей на оранжевом фоне;Неизвестен;88;False;6
53;Харровеи;Линия в виде языков пламени и замок на о;Неизвестен;47;False;6
54;Аррены;Белый летящий сокол и месяц на синем фон;«Высокий как честь»;14;False;5
55;Белморы;Шесть белых колокольчиков на пурпурном ф;Неизвестен;141;False;5
56;Игены;Жёлтое солнце, белый полумесяц и серебря;«И днём, и ночью»;964;True;5
57;Корбреи;Три ворона, несущий красное сердце в ког;Неизвестен;889;True;5
58;Линдерли;Зелёные змеи на чёрном фоне;Не известен;694;False;5
59;Ройсы;Галька на оранжевом фоне, окружённая рун;«Мы помним»;169;True;5
60;Толлетты;Серые и чёрные клинья;«В самый тёмный час»;592;True;5
61;Уэйнвуды;Чёрное сломанное колесо на зелёном фоне;Не известен;231;True;5
62;Хантеры;Пять серебряных стрел веером на коричнев;Не известен;459;True;5
63;Муры;Три бронзовых наконечника для копий на б;Неизвестен;102;True;5
64;Ланнистеры;Золотой лев, стоящий на задних лапах, на;«Услышь мой рёв!»«Ланнистеры всегда плат;397;False;2
65;Вестерлинги;Шесть белых ракушек на песчанном фоне;«Честь, а не почесть»;875;False;2
66;Крейкхоллы;Белый боров на оранжевом фоне;«Нет таких свирепых»;812;True;2
67;Ланнистеры из Ланниспорта;Золотой лев, стоящий на задних лапах, на;«Услышь мой рёв!»«Ланнистеры всегда плат;722;False;2
68;Леффорды;Золотое остриё на лазурном, справа солнц;Не известен;481;False;2
69;Марбранды;Дерево, горящее оранжевым пламенем на се;«Ярче гори!»;232;True;2
70;Пейны;Фиолетовые и белые клетки с золотыми мон;Не известен;90;False;2
71;Сарсфилды;Зеленая стрела над белой правой перевязь;«Правда метит»;649;False;2
72;Серретты;Павлин с распущенным хвостом на бежевом ;«У меня нет соперников»;780;True;2
73;Ярвики;Две бронзовые скрещенные алебарды между ;Не известен;843;True;2
74;Гринфилды;Двойная белая кайма по краю на зеленом ф;Не известен;702;False;2
75;Лорхи;Чёрная мантикора на белом фоне под тремя;Неизвестен;436;False;2
76;Свифты;Синий петух на жёлтом фоне;«Пробудитесь! Пробудитесь!»;189;False;2
77;Хезерспуны;Деревянная ложка на белом картуше, распо;Не известен;524;False;2
78;Кастерли;Не известен;Не известен;243;False;21
79;Клиганы;Три чёрных собаки на жёлтом фоне;Не известен;349;True;2
80;Рейны;Красный лев на серебряном фоне;Не известен;929;True;2
81;Тарбеки;Сине-белая семиконечная звезда на синем ;Не известен;537;False;2
82;Блаунты;Красная правая перевязь между двумя чёрн;Неизвестен;358;True;8
83;Брюны;Коричневая медвежья лапа на белом фоне с;Неизвестен;252;True;8
84;Гонты;Три чёрные направленные вверх пики на ро;Неизвестен;126;False;8
85;Кеттлблэки;Чёрный котёл на красном фоне с тонкой от;Неизвестен;93;True;8
86;Риккеры;Два скрещенных боевых молота над белым а;Неизвестен;196;False;8
87;Росби (дом);Три красных шеврона на мехе горностая;Неизвестен;403;False;8
88;Слинты;Окровавленное золотое копьё на чёрном фо;Неизвестен;510;False;8
89;Стокворты;Белый ягненок, держащий передней ногой з;«Гордимся преданностью»;236;True;8
90;Стонтоны;Два чёрных крыла на белой полосе через ч;Неизвестен;638;False;8
91;Торны;Кистень на алом поле;Неизвестен;594;True;8
92;Челстеды;Перекрещенные шипастая булава и серебрян;Неизвестен;560;False;8
93;Бар-Эммоны;Синяя рыба-меч на пересекающимися серебр;Неизвестен;440;False;8
94;Веларионы;Серебряный морской конь на фоне цвета мо;Не известен;889;True;8
95;Селтигары;Пять красных крабов на белом фоне с крас;Неизвестен;217;True;8
96;Таргариены;Трёхглавый дракон красного цвета на чёрн;«Пламя и кровь»;502;True;8
97;Блэкфайры;Чёрный трехглавый дракон на красном фоне;Неизвестен;28;True;8
98;Дарклины;В правой части семь белых щитов на красн;Неизвестен;246;True;8
99;Каргиллы;Золотой гусь на поле в кроваво-красную и;Неизвестен;561;False;8
100;Холларды;Красные и розовые горизонтальные полосы,;Неизвестен;788;True;8
101;Баратеоны из Королевской Гавани;Слева чёрный коронованный олень Баратеон;Не известен;278;True;8
102;Баратеоны из Драконьего Камня;Коронованный чёрный олень на горящем кра;«Нам — ярость»;48;False;8
103;Баратеоны;Черный коронованный олень, стоящий на за;«Нам — ярость»;403;False;7
104;Баклеры;Три бронзовые пряжки на синем фоне;Не известен;179;True;7
105;Грандисоны;Спящий чёрный лев на жёлтом фоне;«Не буди меня!»;738;True;7
106;Масгуды;Щит разделён на четыре части: в двух чет;Неизвестен;951;False;7
107;Морригены;Чёрная ворона в полёте на тёмно-зелёном ;Неизвестен;922;True;7
108;Пенрозы;Два белых скрещённых пера на буром фоне;«Запишем наши деяния»;737;True;7
109;Пизбери;Вскрытый зелёный гороховый стручок на бе;Неизвестен;128;False;7
110;Тарты;Жёлтые солнца на розовом и белые месяцы ;Неизвестен;688;False;7
111;Трэнты;Чёрный висельник на синем фоне;«Так заканчивают наши враги»;798;False;7
112;Уайлды;Сине-зелёный водоворот на золотом поле;Неизвестен;450;True;7
113;Эрролы;Стог сена на оранжевом фоне;Неизвестен;444;True;7
114;Эстермонты;Тёмно-зелёная черепаха на бледно-зелёено;Неизвестен;19;False;7
115;Дондаррионы;Раздвоенная пурпурная молния на чёрном ф;Не известен;124;False;7
116;Кароны;Чёрные соловьи на жёлтом фоне;«Нет песни слаще»;193;True;7
117;Сванны;Чёрный лебедь на белом фоне и белый лебе;Неизвестен;444;False;7
118;Селми;Три жёлтых пшеничных колоса на тёмно-кор;Неизвестен;53;True;7
119;Коннингтоны;Поле, разделённое вертикально на две час;«Мы — буря»;394;False;7
120;Сиворты;Чёрный корабль на бледно-сером фоне с бе;Неизвестен;488;False;7
121;Дюррандоны;Чёрный олень на золотом фоне;«Нам — ярость»;980;True;7
122;Коли;Десять чёрных шаров, расположенных на кр;Не известен;225;True;7
123;Тойны;Чёрное крылатое сердце на золотом фоне с;«Летать высоко, летать далеко»;862;False;7
124;Дом Бронна;Пылающая стрела на сером фоне;Не известен;499;True;4
125;Тиреллы;Золотая роза на зеленом поле;«Вырастая — крепнем»;81;True;4
126;Гарденеры;Зеленая рука на белом фоне;Не известен;698;False;4
127;Бисбери;Жёлтый пчелиный улей на чёрном фоне;«Берегитесь нашего жала»;555;False;4
128;Бранфилды;Не известен;Не известен;312;False;21
129;Булверы;Белый бычий череп на красном фоне;«Лучше смерть, чем бесчестье»;791;True;4
130;Вебберы;Красно-белый паук на серебряной паутине,;Неизвестен;336;False;4
131;Дурвеллы;Не известен;Не известен;145;False;4
132;Инчфилды;Перевязь в чёрно-белую клетку на сером ф;Неизвестен;319;True;4
133;Костейны;Щит разделённый на четыре части с серебр;Не известен;818;False;4
134;Кью;Шесть желтых цветов на синем фоне;Не известен;386;False;4
135;Лейгуды;Три чёрных молнии на оранжевом фоне;Не известен;462;False;4
136;Маллендоры;Чёрно-оранжевые бабочки на белом фоне;Не известен;962;True;4
137;Мерривезеры;Золотой рог с которого вываливаются фрук;«Узрите нашу щедрость»;628;False;4
138;Окхарты;Три дубовых листа на желтом фоне;«Наши корни уходят глубоко»;762;False;4
139;Осгреи;Лев в зелёно-золотую клетку на белом фон;Неизвестен;303;False;4
140;Редвины;Гроздья винограда на белом фоне;Неизвестен;506;True;4
141;Рованы;Золотое дерево на серебряном фоне;Неизвестен;116;False;4
142;Стрикленды;Неизвестен;Неизвестен;361;True;4
143;Тарли;Охотник в красном, натягивающий тетиву л;«Первые в битве»;797;False;4
144;Флоренты;Лиса на горностаевом мехе;Неизвестен;798;False;4
145;Фоссовеи;Красное яблоко на золотом фоне;«Вкус славы»;591;True;4
146;Хайтауэры;Белая каменная башня с огнём на вершине;«Мы освещаем путь»;354;True;4
147;Хаствики;Полосы оливкого цвета и цвета слоновой к;«Никто так не предан долгу»;541;False;4
148;Эшфорды;Белое солнце под белым шевроном на оранж;"""Наше солнце светит ярко""";519;False;4
149;Мартеллы;Красное солнце, пронзённое золотым копьё;«Непреклонные, несгибаемые, несдающиеся»;932;True;3
150;Айронвуды;Чёрная герса на песчаном поле;«Мы охраняем путь»;902;False;3
151;Аллирионы;Золотая рука на красно-чёрном клинчатом ;«Враг не пройдет»;501;True;3
152;Блэкмонты;Серый стервятник с младенцем в когтях на;Неизвестен;992;True;3
153;Гаргалены;Красный василиск с чёрной змеей в клюве ;Неизвестен;425;True;3
154;Дальты;Дикие лимоны на пурпурном поле;Неизвестен;378;False;3
155;Дейны;Чёрный меч и белая падающая звезда на си;Неизвестен;719;False;3
156;Джордейны;Золотое перо на шахматном поле с тёмно- ;«Да будет написано»;510;True;3
157;Драйленды;Неизвестен;Неизвестен;136;True;3
158;Кворгилы;Три чёрных скорпиона на красном поле;Неизвестен;667;False;3
159;Манвуди;Белый коронованный череп на чёрном поле;Неизвестен;990;True;3
160;Сантагары;Пятнистый леопард с золотым топором на б;Неизвестен;47;False;3
161;Уллеры;Пламеневидное пересечение желтого и крас;Неизвестен;598;False;3
162;Фаулеры;Синий ястреб в клобучке на серебряном фо;«Воспарим!»;906;True;3
163;Грейджои;Золотой кракен на чёрном фоне;«Мы не сеем»;903;True;9
164;Хоары;Корабль, ель, виноград и ворон, между ни;Не известен;471;False;9
165;Блектайды;Не известен;Не известен;682;False;21
166;Ботли;Косяк серебряной рыбы на светло-зелёном ;Не известен;764;False;9
167;Гудбрайзеры;Не известен;Не известен;233;True;21
168;Драммы;Белая костяная рука на красном поле;Не известен;849;True;9
169;Кеннинги;Не известен;Не известен;697;False;9
170;Мерлины;Два закрученных зелёных водяных торнадо ;Не известен;81;False;9
171;Хамблы;Не известен;Не известен;281;False;9
172;Харлоу;Серебряная коса на чёрном фоне;Не известен;830;True;9
173;Блекброу;Не известен;Не известен;317;True;21
174;Колфилды;Не известен;Не известен;361;False;21
175;Ранкенфеллы;Не известен;Не известен;964;True;21
176;Уибберли;Не известен;Не известен;769;True;21
177;Браномты;Муравей на Бирюзово-синем фоне;Дорога живет Слон;518;True;15
178;Стоунвысммы;Змей на Бледно-пурпурном фоне;Дорога есть Ласточка;197;False;22
179;Фицкири;Павлин на Бордовом фоне;Жизнь не Журавль;617;False;7
180;Бридкевхи;Лев на Бледный зеленовато-желтом фоне;Тихие живет Кабан;607;True;24
181;Бракевры;Сова на Васильковом фоне;Жизнь есть Антилопа;67;False;6
182;Кравысны;Антилопа на Бледный красно-пурпурном фоне;Честь не Грач;595;True;18
183;Гибцакты;Попугай на Алом фоне;Защита не Медведь;80;True;10
184;Хоадраки;Журавль на Бледно-карминном фоне;Слава  Грач;359;False;18
185;Блэкберммы;Пеликан на Бежево-сером фоне;Громкие живет Журавль;789;True;10
186;Фицтигоны;Журавль на Аквамариновом фоне;Дорога  Пеликан;473;False;25
187;Гибномлоу;Слон на Базальтово-сером фоне;Мы не Сова;856;True;24
188;Блэктигды;Сокол на Бледно-фиолетовом фоне;Справедливость  Сокол;858;True;19
189;Веблерки;Аист на Алом фоне;Долг  Сова;90;True;25
190;Гибномлоу;Слон на Белом фоне;Мы живет Морская раковина;156;True;20
191;Сандраоны;Антилопа на Аметистовом фоне;Честь живет Дуб;690;False;3
192;Краберли;Утка на Бледный желто-розовом фоне;Честь  Аист;824;True;7
193;Гибцакммы;Дельфин на Бледный пурпурно-синем фоне;Бог  Кролик;813;True;17
194;Вудвеи;Собака на Амарантово-пурпурном фоне;Жизнь не Медведь;354;True;6
195;Хоавысхи;Кролик на Бежевом фоне;Слава живет Бык;876;False;16
196;Сантиглоу;Лев на Бледный красно-пурпурном фоне;Жизнь есть Олень;88;True;9
197;Бридлерммы;Муравей на Алом фоне;Тихие живет Олень;513;True;25
198;Ривлерммы;Аист на Аспидно-синем фоне;Бог живет Сова;128;True;20
199;Бридлоу;Журавль на Бледный серо-коричневом фоне;Тихие  Пеликан;692;True;9
200;Вебшетри;Ласточка на Бордовом фоне;Громкие живет Бык;540;True;13
201;Гибцакты;Пальма на Бледный фиолетово-красном фоне;Бог не Морская раковина;22;True;16
202;Бридкеври;Попугай на Бледно-фиолетовом фоне;Громкие не Кролик;418;False;10
203;Гибтигты;Лев на Амарантово-розовом фоне;Громкие не Дельфин;651;True;8
204;Бридномры;Олень на Бледный пурпурно-розовом фоне;Слава  Аист;302;True;1
205;Бридлероны;Бык на Болотном фоне;Слава  Ворон;765;False;5
206;Ривномры;Попугай на Бело-зеленом фоне;Защита не Орёл;514;True;6
207;Бриддраки;Грач на Бордовом фоне;Страх есть Бабочка;224;False;6
208;Вебперты;Лебедь на Бело-алюминиевом фоне;Справедливость  Страус;575;True;7
209;Бридды;Сокол на Аспидно-синем фоне;Громкие не Пчела;649;False;21
210;Ривберли;Бабочка на Бледно-желтом фоне;Слава есть Дуб;163;False;3
211;Фицкевты;Орёл на Ализариновый красном фоне;Мы живет Пеликан;603;False;6
212;Гибливки;Волк на Бледный зеленовато-желтом фоне;Защита не Волк;552;False;3
213;Блэкдрали;Страус на Бледно-золотистом фоне;Честь живет Павлин;26;True;13
214;Краки;Кошка на Базальтово-сером фоне;Тихие не Утка;764;False;3
215;Вудливвеи;Павлин на Ванильном фоне;Страх живет Бабочка;627;True;18
216;Ривлерлоу;Бык на Бледный зеленом фоне;Бог  Пеликан;247;True;18
217;Санцакли;Кабан на Бриллиантово-синем фоне;Жизнь живет Попугай;965;True;16
218;Гибдурды;Пальма на Бледно-каштановом фоне;Жизнь  Ворон;529;True;8
219;Краки;Пчела на Бирюзово-зеленом фоне;Тихие не Конь;429;True;10
220;Ривкевхи;Кошка на Бледно-розовом фоне;Бог не Собака;933;True;7
221;Вудкевды;Пеликан на Бледный красно-пурпурном фоне;Дорога  Ласточка;694;True;13
222;Стоункеввеи;Утка на Амарантово-пурпурном фоне;Долг не Сова;954;False;22
223;Гибномоны;Сокол на Бледно-зеленом фоне;Честь  Бык;376;True;21
224;Стоункевоны;Павлин на Бледно-розоватом фоне;Справедливость не Лань;711;False;3
225;Браливки;Змей на Бледно-желтом фоне;Страх есть Пчела;894;False;24
226;Гибливри;Лев на Бледно-коричневом фоне;Защита  Пеликан;746;False;9
227;Блэкномны;Лебедь на Бледный фиолетово-красном фоне;Дорога живет Сова;31;True;6
228;Вуддраоны;Лебедь на Бледно-каштановом фоне;Справедливость живет Пальма;615;False;9
229;Рившетли;Страус на Амарантовом фоне;Справедливость живет Антилопа;607;True;14
230;Гибдурры;Оливковое дерево на Базальтово-сером фоне;Тихие есть Бык;924;True;9
231;Вудбероны;Кабан на Бежево-красном фоне;Бог есть Овца;828;False;4
232;Бракевхи;Аист на Бледно-пурпурном фоне;Защита живет Лань;114;True;2
233;Стоунммы;Лань на Ванильном фоне;Защита есть Страус;494;False;25
234;Вудри;Ворон на Бледно-зелено-сером фоне;Бог есть Антилопа;258;True;1
235;Санномоны;Антилопа на Бледный зеленом фоне;Справедливость не Антилопа;208;False;4
236;Гибкики;Кабан на Аквамариновом фоне;Тихие живет Лебедь;11;False;14
237;Краты;Павлин на Бледно-песочном фоне;Дорога  Кабан;511;False;25
238;Вуддрахи;Волк на Болотном фоне;Бог  Собака;745;True;11
239;Санперри;Страус на Бордовом фоне;Честь живет Овца;31;True;5
240;Кратигды;Кошка на Бледно-каштановом фоне;Дорога есть Попугай;207;True;12
241;Кравысны;Утка на Бледный желто-розовом фоне;Бог не Орёл;929;True;22
242;Стоунки;Дуб на Бело-зеленом фоне;Дорога живет Орёл;11;False;23
243;Хоавысоны;Конь на Аквамариновом фоне;Дорога живет Лань;643;False;23
244;Блэкдурлоу;Медведь на Аспидно-сером фоне;Справедливость живет Лань;429;True;8
245;Хоахи;Кабан на Болотном фоне;Мы живет Грач;455;True;21
246;Хоаперды;Лань на Болотном фоне;Жизнь  Дельфин;547;False;17
247;Браливммы;Дельфин на Ванильном фоне;Бог не Слон;322;False;24
248;Братигки;Дельфин на Бледный желто-зеленом фоне;Жизнь не Бык;193;False;22
249;Хоалерны;Оливковое дерево на Бледно-пурпурном фоне;Справедливость есть Слон;364;True;24
250;Хоацакры;Павлин на Бирюзово-синем фоне;Честь  Морская раковина;956;True;19
251;Вебдурки;Лебедь на Бело-алюминиевом фоне;Честь живет Аист;134;False;15
252;Блэкперды;Волк на Бледно-розоватом фоне;Громкие не Кошка;399;False;18
253;Вудтигли;Бык на Бордово-фиолетовом фоне;Жизнь  Муравей;156;True;10
254;Санкевры;Сокол на Бирюзово-синем фоне;Страх живет Пальма;729;False;10
255;Фицкевоны;Пальма на Бежевом фоне;Громкие не Аист;882;False;2
256;Санномммы;Бык на Аспидно-сером фоне;Жизнь  Змей;930;True;4
257;Бридшетхи;Ворон на Бирюзовом фоне;Страх  Журавль;972;False;3
258;Фицливлоу;Олень на Бело-зеленом фоне;Бог  Кролик;464;False;13
259;Фицливры;Бык на Бледный серо-коричневом фоне;Справедливость не Ласточка;709;False;3
260;Стоунномли;Бабочка на Бледный зеленовато-желтом фоне;Громкие не Журавль;443;True;22
261;Ривливты;Антилопа на Бледный желто-зеленом фоне;Мы не Овца;747;False;2
262;Вудберки;Ласточка на Бледный красно-пурпурном фоне;Бог есть Попугай;383;False;5
263;Ривтигды;Страус на Бледно-васильковом фоне;Слава живет Кролик;535;False;24
264;Ривдурны;Олень на Амарантовый светло-вишневом фоне;Дорога не Змей;230;True;3
265;Ривперхи;Ворон на Вересково-фиолетовом фоне;Защита не Орёл;231;True;25
266;Браномли;Журавль на Бронзовом фоне;Громкие  Бабочка;133;False;20
267;Бриддурли;Лань на Аметистовом фоне;Слава не Кабан;630;False;1
268;Хоаты;Попугай на Васильковом фоне;Долг не Ласточка;922;True;22
269;Гибкевки;Дуб на Бледно-пурпурном фоне;Слава есть Пчела;940;True;6
270;Браномлоу;Лебедь на Бирюзово-синем фоне;Страх живет Слон;380;False;2
271;Хоалерки;Слон на Бриллиантово-синем фоне;Громкие есть Пчела;894;False;17
272;Бридкеввеи;Кролик на Бледно-коричневом фоне;Защита не Ласточка;595;True;18
273;Фицдурхи;Ворон на Бледно-каштановом фоне;Тихие  Грач;357;True;2
274;Фицдурри;Пчела на Бело-алюминиевом фоне;Дорога есть Овца;871;False;19
275;Блэктигки;Слон на Васильковом фоне;Бог живет Змей;284;False;4
276;Краперлоу;Лань на Бледный синем фоне;Громкие не Морская раковина;937;True;20
277;Блэккилоу;Страус на Бордово-фиолетовом фоне;Долг есть Страус;91;True;24
278;Вудномты;Собака на Абрикосовом фоне;Жизнь есть Муравей;15;False;11
279;Хоадурхи;Дуб на Бело-алюминиевом фоне;Жизнь живет Ворон;263;True;14
280;Гибкевты;Ласточка на Бледно-песочном фоне;Дорога не Утка;165;True;1
281;Стоундрары;Змей на Бледный красно-пурпурном фоне;Мы  Олень;217;True;11
282;Бридберммы;Пальма на Бирюзово-синем фоне;Дорога не Олень;54;True;6
283;Ривдраны;Грач на Ванильном фоне;Справедливость не Олень;277;False;4
284;Блэкры;Сокол на Алом фоне;Дорога не Олень;55;True;8
285;Вудкеври;Сова на Бледно-зелено-сером фоне;Долг не Страус;379;True;2
286;Гибберны;Дуб на Бледный красно-пурпурном фоне;Бог живет Собака;864;True;19
287;Фицшетвеи;Пальма на Абрикосовом фоне;Громкие есть Змей;895;True;8
288;Сантигвеи;Аист на Алом фоне;Справедливость не Оливковое дерево;375;False;13
289;Блэкливты;Бабочка на Базальтово-сером фоне;Громкие есть Сова;267;True;8
290;Фицномлоу;Лань на Бледно-коричневом фоне;Защита не Антилопа;610;False;11
291;Брадравеи;Орёл на Бледно-зеленом фоне;Слава  Кабан;887;True;6
292;Вебвысммы;Олень на Бледный зеленовато-желтом фоне;Справедливость  Орёл;465;True;6
293;Бридномды;Лань на Бежево-красном фоне;Дорога  Грач;361;True;10
294;Стоунвысммы;Лев на Бледно-зелено-сером фоне;Громкие есть Кабан;873;False;22
295;Стоунвысды;Морская раковина на Алом фоне;Громкие живет Собака;815;False;20
296;Бридцакли;Змей на Бледный желто-розовом фоне;Громкие есть Пеликан;756;False;18
297;Блэкри;Ласточка на Бледно-пурпурном фоне;Честь живет Пеликан;638;True;5
298;Стоунцакки;Дуб на Амарантовый глубоко-пурпурном фоне;Громкие  Пчела;96;False;19
299;Хоадраты;Олень на Бледно-фиолетовом фоне;Долг живет Оливковое дерево;980;False;23
300;Стоундраты;Змей на Бледный зеленовато-желтом фоне;Бог не Лебедь;850;True;9
301;Браномли;Бык на Белоснежном фоне;Справедливость  Орёл;722;False;24
302;Бридномоны;Антилопа на Бледный фиолетово-красном фоне;Жизнь есть Медведь;562;True;19
303;Ривберры;Овца на Бледный зеленом фоне;Честь не Журавль;876;False;13
304;Стоунберты;Дельфин на Бледно-желтом фоне;Тихие  Овца;487;False;24
305;Вебкионы;Грач на Бледно-розовом фоне;Жизнь есть Грач;609;True;23
306;Бриддурды;Сокол на Бледно-пурпурном фоне;Жизнь есть Лебедь;30;False;11
307;Краливны;Ласточка на Бордово-фиолетовом фоне;Бог  Страус;205;False;3
308;Гиблерры;Дельфин на Бирюзово-синем фоне;Громкие живет Дуб;771;False;10
309;Стоунберры;Дуб на Аметистовом фоне;Страх живет Бабочка;423;True;11
310;Санлерммы;Овца на Бордовом фоне;Справедливость живет Утка;595;False;10
311;Блэкцакны;Волк на Базальтово-сером фоне;Дорога есть Олень;878;False;14
312;Фиццакды;Страус на Амарантово-пурпурном фоне;Бог есть Собака;446;True;9
313;Вебшетхи;Пчела на Бледно-коричневом фоне;Мы есть Ворон;895;True;16
314;Кратигны;Страус на Бледно-фиолетовом фоне;Долг есть Утка;374;False;17
315;Санцакхи;Бабочка на Бледно-коричневом фоне;Громкие не Ласточка;589;True;16
316;Ривтигммы;Оливковое дерево на Бежево-коричневом фоне;Слава есть Антилопа;122;True;3
317;Блэкдурны;Слон на Белом фоне;Мы есть Грач;733;True;20
318;Кравысны;Антилопа на Бледный фиолетово-красном фоне;Страх живет Кошка;618;False;15
319;Хоаберты;Орёл на Бледно-коричневом фоне;Страх есть Дуб;39;False;18
320;Ривцакны;Павлин на Бело-зеленом фоне;Тихие есть Медведь;267;False;19
321;Ривкевры;Сокол на Амарантовом фоне;Громкие живет Лань;564;True;7
322;Вудвысри;Собака на Бирюзово-синем фоне;Громкие живет Медведь;726;True;7
323;Стоуншетммы;Овца на Бледно-зеленом фоне;Долг живет Орёл;219;True;15
324;Санкевры;Грач на Бледный синем фоне;Честь  Олень;958;True;13
325;Гибкевоны;Оливковое дерево на Бледно-желтом фоне;Страх  Олень;601;False;1
326;Кралерли;Морская раковина на Аспидно-сером фоне;Справедливость живет Волк;132;False;14
327;Гибцакки;Бык на Ванильном фоне;Бог  Морская раковина;826;False;15
328;Крашетммы;Пчела на Бело-зеленом фоне;Слава не Оливковое дерево;902;True;15
329;Стоундурри;Сокол на Белом фоне;Страх  Кабан;354;False;12
330;Вебдралоу;Кролик на Аквамариновом фоне;Долг не Оливковое дерево;288;True;23
331;Бравысри;Собака на Бежево-сером фоне;Бог не Бык;290;False;23
332;Фицшетри;Лебедь на Бежево-красном фоне;Жизнь  Овца;261;True;13
333;Фицлерлоу;Пчела на Бледный пурпурно-розовом фоне;Честь  Кошка;644;False;12
334;Крацакри;Бабочка на Аметистовом фоне;Честь  Лебедь;643;True;21
335;Гибперты;Сокол на Болотном фоне;Мы  Сокол;864;False;3
336;Блэкливлоу;Кошка на Бирюзовом фоне;Громкие живет Утка;678;False;18
337;Ривливоны;Пчела на Амарантово-пурпурном фоне;Бог живет Попугай;104;True;3
338;Вебливны;Кролик на Бирюзово-синем фоне;Долг живет Дельфин;735;False;10
339;Кракевхи;Волк на Вересково-фиолетовом фоне;Бог живет Волк;794;False;5
340;Бракиты;Волк на Бледный синем фоне;Справедливость живет Лань;336;True;7
341;Фицлерры;Змей на Амарантовом фоне;Громкие есть Муравей;576;True;22
342;Блэкдурммы;Овца на Абрикосовом фоне;Громкие не Лебедь;634;True;3
343;Гибномли;Лебедь на Бледный фиолетово-красном фоне;Справедливость живет Пальма;278;False;8
344;Кракионы;Лебедь на Амарантовый светло-вишневом фоне;Жизнь не Утка;866;False;24
345;Ривты;Овца на Аквамариновом фоне;Громкие  Страус;844;False;16
346;Фицдрали;Пальма на Бледно-фиолетовом фоне;Жизнь не Лев;487;True;23
347;Браммы;Лань на Бледно-зелено-сером фоне;Дорога есть Медведь;99;False;9
348;Блэквысммы;Орёл на Бирюзово-синем фоне;Дорога есть Бык;363;False;8
349;Хоаномхи;Дельфин на Бледно-каштановом фоне;Громкие не Кролик;687;False;11
350;Крадурры;Змей на Алом фоне;Честь  Павлин;476;False;20
351;Стоунтигры;Сокол на Белом фоне;Тихие живет Орёл;903;False;18
352;Хоашетхи;Кошка на Бледный пурпурно-розовом фоне;Бог живет Бабочка;303;True;22
353;Санливммы;Слон на Алом фоне;Мы не Лебедь;980;False;18
354;Стоунлерды;Орёл на Бледный фиолетово-красном фоне;Дорога есть Попугай;856;False;24
355;Вебливты;Овца на Бледный серо-коричневом фоне;Слава есть Медведь;699;True;11
356;Братигммы;Грач на Бирюзовом фоне;Дорога не Морская раковина;416;False;13
357;Вебтигхи;Медведь на Бледный пурпурно-розовом фоне;Бог есть Дельфин;732;True;10
358;Краперки;Лебедь на Ализариновый красном фоне;Честь есть Сокол;737;False;6
359;Хоакивеи;Овца на Бледно-зелено-сером фоне;Бог  Ласточка;716;False;15
360;Хоалерки;Пальма на Бледно-песочном фоне;Страх не Бык;270;False;25
361;Блэккины;Орёл на Бриллиантово-синем фоне;Защита  Олень;691;True;25
362;Бридтигхи;Грач на Бледный зеленом фоне;Тихие не Кошка;537;False;20
363;Хоадурхи;Грач на Бордово-фиолетовом фоне;Дорога есть Грач;169;False;20
364;Гибкионы;Сова на Амарантовый глубоко-пурпурном фоне;Справедливость не Кролик;104;True;11
365;Вебкевки;Лев на Аспидно-сером фоне;Громкие  Страус;196;True;1
366;Блэкберты;Журавль на Бело-зеленом фоне;Справедливость живет Сокол;979;False;8
367;Стоунномри;Кабан на Бордово-фиолетовом фоне;Громкие  Морская раковина;234;True;4
368;Бридлерды;Бык на Бледный желто-зеленом фоне;Защита не Ворон;109;False;8
369;Вебперры;Аист на Бронзовом фоне;Громкие живет Собака;289;False;14
370;Санномры;Аист на Белом фоне;Справедливость  Оливковое дерево;666;True;3
371;Санномды;Дуб на Бирюзово-синем фоне;Мы  Ворон;311;True;1
372;Крацакммы;Ворон на Белом фоне;Дорога  Олень;400;True;12
373;Вебдралоу;Грач на Белоснежном фоне;Справедливость не Антилопа;643;True;21
374;Брали;Дуб на Амарантовый светло-вишневом фоне;Бог не Кошка;207;False;22
375;Бридшетоны;Кошка на Бледный фиолетово-красном фоне;Бог есть Лань;145;False;12
376;Сантигды;Оливковое дерево на Бледно-пурпурном фоне;Защита живет Олень;862;True;18
377;Вудцакры;Попугай на Бледно-золотистом фоне;Мы есть Кролик;246;False;15
378;Вудномты;Кабан на Аспидно-сером фоне;Долг живет Конь;794;True;7
379;Ривлероны;Змей на Бледный зеленом фоне;Мы не Овца;443;False;8
380;Блэккеври;Волк на Бледно-розовом фоне;Тихие живет Медведь;585;False;3
381;Брашетвеи;Пчела на Абрикосовом фоне;Слава есть Дуб;208;True;21
382;Санперхи;Ласточка на Бледно-розовом фоне;Мы есть Ласточка;993;False;14
383;Хоакихи;Пеликан на Бледный желто-зеленом фоне;Тихие  Орёл;635;False;2
384;Хоадурты;Пальма на Бледно-розоватом фоне;Бог есть Медведь;533;False;1
385;Вебты;Лебедь на Бледно-золотистом фоне;Справедливость  Бабочка;83;True;4
386;Кракеввеи;Кабан на Бронзовом фоне;Громкие не Утка;394;False;1
387;Санкиры;Волк на Бирюзово-синем фоне;Справедливость  Сова;163;False;7
388;Гибшетки;Пеликан на Бледно-карминном фоне;Дорога  Олень;667;True;20
389;Ривтигны;Лев на Бледно-коричневом фоне;Дорога  Кошка;529;True;22
390;Гибкиды;Дуб на Бежевом фоне;Справедливость не Кошка;657;False;22
391;Ривцакри;Ворон на Амарантово-пурпурном фоне;Дорога  Бабочка;376;True;11
392;Гибвыски;Конь на Аметистовом фоне;Слава не Журавль;436;False;6
393;Сантигвеи;Муравей на Бледный синем фоне;Защита  Орёл;73;True;5
394;Блэкки;Лань на Бледно-розовом фоне;Защита  Ласточка;872;True;23
395;Вудшетры;Кролик на Бледно-пурпурном фоне;Жизнь живет Собака;382;False;14
396;Вебливри;Сокол на Бледно-синем фоне;Жизнь  Дуб;741;True;20
397;Крадурны;Орёл на Бирюзово-зеленом фоне;Жизнь есть Морская раковина;663;False;20
398;Веблервеи;Морская раковина на Бело-алюминиевом фоне;Защита есть Кабан;380;True;25
399;Хоакевды;Аист на Бледный желто-розовом фоне;Страх есть Антилопа;49;False;4
400;Блэклерды;Сова на Аспидно-сером фоне;Защита есть Антилопа;35;True;25
401;Блэкты;Волк на Белом фоне;Страх  Попугай;641;False;3
402;Кралерхи;Антилопа на Бежево-коричневом фоне;Дорога есть Грач;168;True;21
403;Вебвысоны;Дельфин на Бежево-красном фоне;Мы  Сокол;730;True;18
404;Фицномры;Дельфин на Бежево-сером фоне;Честь есть Страус;804;True;15
405;Краты;Утка на Бледно-песочном фоне;Долг не Ласточка;820;True;14
406;Вуддрари;Ворон на Бледно-фиолетовом фоне;Долг не Медведь;616;True;22
407;Вудберри;Лань на Бледно-зеленом фоне;Защита есть Попугай;650;True;13
408;Фицдраоны;Аист на Бело-зеленом фоне;Честь не Ласточка;775;False;21
409;Браоны;Змей на Бледный зеленовато-желтом фоне;Долг  Собака;854;True;1
410;Стоунцакны;Медведь на Бело-алюминиевом фоне;Честь есть Ласточка;992;False;20
411;Хоалоу;Журавль на Аспидно-синем фоне;Страх живет Бабочка;26;True;6
412;Гибшетны;Собака на Белом фоне;Дорога  Оливковое дерево;616;False;7
413;Бридтигри;Страус на Бледный желто-розовом фоне;Мы не Попугай;458;False;13
414;Вебберммы;Пеликан на Бордовом фоне;Мы есть Олень;359;False;11
415;Веблерты;Бык на Бледный фиолетово-красном фоне;Честь не Дельфин;270;False;20
416;Вудкины;Морская раковина на Бледно-синем фоне;Бог  Журавль;959;True;11
417;Вудкири;Пеликан на Ванильном фоне;Слава  Лебедь;953;False;8
418;Блэкцакны;Медведь на Ализариновый красном фоне;Страх не Сокол;751;True;10
419;Хоакихи;Павлин на Бледно-золотистом фоне;Страх есть Грач;263;False;1
420;Стоунперммы;Слон на Абрикосовом фоне;Дорога есть Павлин;145;False;21
421;Стоунперны;Кабан на Бледно-синем фоне;Громкие не Лев;703;True;10
422;Вудвыслоу;Слон на Бирюзово-синем фоне;Тихие не Ворон;190;False;23
423;Хоатигммы;Дуб на Бриллиантово-синем фоне;Дорога живет Ворон;703;False;16
424;Крашетммы;Сокол на Амарантово-розовом фоне;Долг есть Грач;838;False;3
425;Бридкевки;Ласточка на Бледно-синем фоне;Мы живет Журавль;852;False;12
426;Вебливри;Сова на Бронзовом фоне;Дорога живет Бабочка;584;False;13
427;Краммы;Слон на Бледно-фиолетовом фоне;Страх есть Дельфин;521;True;19
428;Блэккевды;Пчела на Бордовом фоне;Защита не Бык;539;False;13
429;Хоакеввеи;Медведь на Бледный желто-розовом фоне;Мы живет Кабан;105;False;22
430;Стоундурки;Утка на Бледный красно-пурпурном фоне;Мы живет Волк;929;False;23
431;Стоунцаконы;Лань на Бледно-розоватом фоне;Жизнь есть Дельфин;511;True;11
432;Ривливоны;Пеликан на Бордово-фиолетовом фоне;Тихие есть Павлин;936;True;25
433;Вудкири;Ласточка на Бежево-сером фоне;Страх не Муравей;395;True;3
434;Блэктигли;Бык на Бежево-сером фоне;Громкие не Сокол;31;False;22
435;Блэкперли;Оливковое дерево на Аспидно-сером фоне;Мы  Лань;349;False;19
436;Бридри;Лебедь на Бледно-каштановом фоне;Бог есть Дуб;213;True;1
437;Крацакты;Бабочка на Болотном фоне;Бог  Олень;876;True;20
438;Хоацакхи;Кошка на Алом фоне;Тихие  Дуб;595;False;15
439;Фицммы;Слон на Бирюзово-зеленом фоне;Долг  Грач;698;False;24
440;Бралерны;Морская раковина на Бледно-желтом фоне;Долг живет Конь;56;False;7
441;Санцакли;Бык на Бледный серо-коричневом фоне;Страх живет Павлин;144;True;8
442;Стоунливлоу;Змей на Бледно-песочном фоне;Дорога есть Слон;94;True;20
443;Блэкдурлоу;Кролик на Бледный пурпурно-синем фоне;Долг не Пальма;975;True;23
444;Фиццаклоу;Орёл на Бледный зеленовато-желтом фоне;Справедливость живет Сокол;813;False;6
445;Гибцакри;Страус на Бледный красно-пурпурном фоне;Тихие  Конь;254;True;7
446;Ривдраты;Медведь на Бледно-розовом фоне;Долг не Медведь;190;False;15
447;Ривкеври;Лань на Бледно-фиолетовом фоне;Жизнь живет Муравей;38;False;23
448;Бридберли;Пальма на Бледный фиолетово-красном фоне;Бог живет Дуб;496;True;14
449;Бридвысоны;Грач на Бледно-каштановом фоне;Справедливость не Медведь;483;False;3
450;Гибтигхи;Сокол на Бледный серо-коричневом фоне;Мы живет Оливковое дерево;44;False;18
451;Гибтигки;Кролик на Бежево-красном фоне;Защита живет Бык;744;True;10
452;Гибдравеи;Пальма на Бирюзово-синем фоне;Справедливость живет Грач;169;False;5
453;Фицдурты;Кролик на Бордовом фоне;Страх живет Пальма;993;True;3
454;Вебдралоу;Овца на Бледный серо-коричневом фоне;Страх не Ласточка;857;False;23
455;Вебммы;Кролик на Бледный желто-зеленом фоне;Долг живет Пальма;914;True;1
456;Ривперки;Олень на Ализариновый красном фоне;Бог  Слон;192;False;11
457;Стоункики;Кабан на Бледный красно-пурпурном фоне;Громкие  Кролик;451;False;14
458;Кратигры;Лев на Бледный серо-коричневом фоне;Бог есть Пчела;1000;False;4
459;Фицвысды;Попугай на Алом фоне;Бог живет Аист;379;False;24
460;Блэккевхи;Грач на Аспидно-синем фоне;Слава  Дельфин;153;False;20
461;Бридберры;Сова на Васильковом фоне;Справедливость живет Утка;889;True;7
462;Хоады;Дельфин на Аквамариновом фоне;Слава есть Кабан;615;True;14
463;Вебшетри;Бабочка на Бледный серо-коричневом фоне;Громкие живет Муравей;316;True;21
464;Санбероны;Дельфин на Бледно-зелено-сером фоне;Страх  Дельфин;77;True;8
465;Вебпероны;Слон на Белоснежном фоне;Дорога не Дельфин;256;True;20
466;Браливки;Грач на Бледный зеленовато-желтом фоне;Дорога живет Сова;875;True;15
467;Хоадрари;Кабан на Бледно-каштановом фоне;Бог живет Грач;398;False;20
468;Фицтигри;Кабан на Бледный синем фоне;Долг  Сова;551;True;9
469;Хоадурммы;Медведь на Базальтово-сером фоне;Мы не Ласточка;613;False;23
470;Браливны;Журавль на Бледный желто-зеленом фоне;Тихие есть Антилопа;361;True;20
471;Бридвысры;Пальма на Аметистовом фоне;Громкие есть Конь;599;False;19
472;Краливды;Морская раковина на Бледно-васильковом фоне;Справедливость живет Лев;410;True;20
473;Сандурли;Ворон на Бледно-фиолетовом фоне;Мы  Слон;497;True;16
474;Хоатигны;Дуб на Бледно-розоватом фоне;Тихие живет Собака;23;True;18
475;Фицшетри;Орёл на Бордовом фоне;Громкие не Кошка;119;True;20
476;Гибвысоны;Лев на Бледно-васильковом фоне;Громкие не Ласточка;119;True;7
477;Санвысры;Волк на Бледно-синем фоне;Справедливость не Аист;616;True;12
478;Вебшетны;Сова на Бледно-фиолетовом фоне;Честь не Орёл;196;False;18
479;Вудлерммы;Кролик на Бледный пурпурно-розовом фоне;Честь  Пеликан;675;False;1
480;Ривпервеи;Утка на Бледный синем фоне;Честь не Сова;689;False;21
481;Стоуншетры;Грач на Абрикосовом фоне;Честь живет Ласточка;16;False;23
482;Санвыски;Лев на Бледно-розовом фоне;Долг есть Ворон;986;False;8
483;Фицбероны;Медведь на Бирюзовом фоне;Слава живет Бабочка;709;True;9
484;Ривтигры;Собака на Бриллиантово-синем фоне;Громкие  Журавль;494;True;5
485;Вебды;Кошка на Бледно-песочном фоне;Жизнь есть Утка;218;False;10
486;Ривдрахи;Бык на Бледно-коричневом фоне;Мы не Слон;383;False;7
487;Гибперры;Страус на Бронзовом фоне;Бог не Бык;633;True;14
488;Саншетри;Орёл на Бледно-розовом фоне;Тихие живет Журавль;698;True;12
489;Вудперхи;Дуб на Бледный пурпурно-синем фоне;Страх живет Пальма;927;True;23
490;Блэкдралоу;Журавль на Бледный желто-розовом фоне;Мы живет Бык;924;True;24
491;Риввеи;Оливковое дерево на Базальтово-сером фоне;Честь  Кролик;581;False;8
492;Гибли;Муравей на Бронзовом фоне;Честь не Лань;581;False;1
493;Бракевммы;Пальма на Бледно-карминном фоне;Честь не Морская раковина;157;False;10
494;Кратигвеи;Павлин на Бледный желто-зеленом фоне;Жизнь живет Пальма;847;False;25
495;Саншетли;Кошка на Амарантово-пурпурном фоне;Справедливость живет Оливковое дерево;491;False;2
496;Брапероны;Слон на Бирюзово-синем фоне;Жизнь живет Сокол;379;True;6
497;Гибвыслоу;Антилопа на Бледный желто-зеленом фоне;Защита есть Орёл;360;True;19
498;Вудкевоны;Лебедь на Бледный желто-зеленом фоне;Защита живет Аист;94;True;20
499;Вудцаквеи;Лань на Бледный зеленом фоне;Долг есть Овца;679;False;7
500;Вудливхи;Олень на Бледно-фиолетовом фоне;Честь есть Бабочка;848;True;1
501;Блэкры;Бабочка на Бежевом фоне;Долг живет Бабочка;210;True;10
502;Кракевны;Оливковое дерево на Аквамариновом фоне;Страх не Змей;605;False;4
503;Братигвеи;Страус на Бледный красно-пурпурном фоне;Тихие есть Бабочка;675;True;13
504;Хоавысты;Кролик на Бирюзово-синем фоне;Дорога живет Сокол;187;True;7
505;Ривномхи;Овца на Ванильном фоне;Громкие не Павлин;877;False;12
506;Ривкили;Кошка на Бежевом фоне;Долг живет Оливковое дерево;760;True;22
507;Вудкиммы;Ласточка на Бледно-розовом фоне;Справедливость  Ласточка;250;True;24
508;Вудлерны;Орёл на Бриллиантово-синем фоне;Страх есть Журавль;295;False;9
509;Стоунлерки;Попугай на Бежево-коричневом фоне;Честь  Грач;823;False;21
510;Хоашетды;Ласточка на Вересково-фиолетовом фоне;Тихие живет Кабан;774;True;13
511;Браномды;Аист на Бледно-синем фоне;Бог  Попугай;55;False;22
512;Гибперны;Пальма на Бледно-желтом фоне;Честь не Олень;581;False;23
513;Гибшетды;Медведь на Бордовом фоне;Громкие есть Слон;185;False;9
514;Хоашетны;Муравей на Бледно-карминном фоне;Долг живет Конь;276;True;11
515;Фицномды;Сокол на Бледно-розоватом фоне;Честь живет Конь;88;True;21
516;Ривкевхи;Кошка на Бежевом фоне;Дорога живет Страус;118;True;17
517;Бриддуроны;Кошка на Аспидно-синем фоне;Страх не Орёл;185;False;16
518;Бриддурри;Дельфин на Бледно-розоватом фоне;Мы  Муравей;201;False;9
519;Ривномты;Ворон на Аметистовом фоне;Слава не Морская раковина;985;True;21
520;Фицберммы;Сокол на Бледно-желтом фоне;Долг не Страус;951;True;12
521;Блэктигки;Утка на Бледный синем фоне;Дорога  Конь;228;True;20
522;Блэкммы;Муравей на Бледно-пурпурном фоне;Честь  Сокол;20;False;15
523;Краливри;Медведь на Аметистовом фоне;Страх не Дельфин;709;True;13
524;Хоавысды;Сова на Алом фоне;Дорога не Медведь;91;True;5
525;Гибберты;Пальма на Бледный пурпурно-синем фоне;Бог  Олень;450;False;5
526;Ривкихи;Волк на Бриллиантово-синем фоне;Дорога не Попугай;467;True;9
527;Кратигки;Лев на Бледно-зелено-сером фоне;Долг не Дельфин;954;False;16
528;Блэккилоу;Муравей на Аквамариновом фоне;Слава есть Лев;957;True;16
529;Фицшетлоу;Медведь на Бледно-золотистом фоне;Дорога  Кошка;307;True;10
530;Фицлерри;Оливковое дерево на Аквамариновом фоне;Громкие  Лань;183;False;7
531;Фицдрари;Ласточка на Бордово-фиолетовом фоне;Долг есть Пальма;493;False;16
532;Гибкевоны;Пальма на Бриллиантово-синем фоне;Страх  Собака;197;False;10
533;Вебберты;Морская раковина на Амарантовый светло-вишневом фоне;Защита не Бык;473;False;16
534;Ривперны;Кабан на Бледно-желтом фоне;Жизнь  Олень;867;True;14
535;Вебливды;Кролик на Бледный желто-розовом фоне;Долг живет Сова;665;False;21
536;Вудвыски;Олень на Абрикосовом фоне;Бог живет Змей;619;True;2
537;Стоунномоны;Павлин на Бледный фиолетово-красном фоне;Громкие есть Бык;405;True;5
538;Вуддрари;Кошка на Бледный серо-коричневом фоне;Справедливость не Кабан;115;True;24
539;Вебвысли;Олень на Бежево-сером фоне;Жизнь есть Дельфин;48;True;16
540;Краливвеи;Пальма на Бледно-розовом фоне;Слава  Попугай;754;False;15
541;Ривкиты;Собака на Бледно-синем фоне;Дорога живет Пальма;442;False;7
542;Риввысды;Муравей на Бледно-пурпурном фоне;Тихие  Лебедь;106;True;16
543;Фицберлоу;Дуб на Бледный красно-пурпурном фоне;Громкие есть Волк;970;False;2
544;Хоавысры;Дуб на Бледно-каштановом фоне;Дорога  Попугай;772;False;19
545;Вебтиглоу;Овца на Бежево-красном фоне;Защита не Дельфин;642;False;1
546;Стоунлоу;Пеликан на Бледный синем фоне;Мы живет Дельфин;554;True;14
547;Вудномоны;Грач на Ванильном фоне;Справедливость не Лань;636;True;12
548;Сантигды;Ласточка на Бежевом фоне;Жизнь есть Морская раковина;596;True;5
549;Вебдрари;Попугай на Бледный синем фоне;Слава не Пчела;360;True;13
550;Стоундрары;Конь на Бледный пурпурно-синем фоне;Защита живет Кошка;93;True;15
551;Гибды;Лебедь на Бледный пурпурно-синем фоне;Жизнь не Медведь;492;False;25
552;Хоашетны;Ворон на Амарантовый светло-вишневом фоне;Мы живет Оливковое дерево;371;True;24
553;Риввысны;Лань на Бледный желто-розовом фоне;Громкие не Лань;747;True;17
554;Вебномны;Лань на Бледно-желтом фоне;Жизнь не Конь;872;True;13
555;Краоны;Собака на Абрикосовом фоне;Громкие есть Антилопа;219;False;20
556;Бриддурри;Пеликан на Бледно-каштановом фоне;Бог не Утка;26;False;15
557;Бридтиглоу;Антилопа на Бледный желто-розовом фоне;Мы не Сова;684;False;22
558;Вебномки;Конь на Абрикосовом фоне;Тихие не Морская раковина;808;False;8
559;Вебдуроны;Муравей на Вересково-фиолетовом фоне;Бог живет Овца;623;False;6
560;Ривцакны;Лань на Бледно-каштановом фоне;Слава не Бабочка;673;True;22
561;Вебцакны;Муравей на Бледно-розовом фоне;Долг есть Медведь;163;True;17
562;Блэклерлоу;Конь на Белом фоне;Дорога есть Попугай;915;False;7
563;Бридцакны;Страус на Бордовом фоне;Мы живет Кошка;430;True;11
564;Хоакионы;Волк на Бледно-карминном фоне;Слава живет Сокол;36;False;16
565;Фицкеввеи;Пальма на Бледный желто-зеленом фоне;Жизнь есть Ворон;88;True;15
566;Кракили;Ворон на Болотном фоне;Защита живет Пеликан;54;False;25
567;Фицкевны;Волк на Бледно-карминном фоне;Долг  Кролик;757;False;21
568;Бридберды;Орёл на Аспидно-синем фоне;Слава живет Орёл;183;True;18
569;Бралерны;Павлин на Бледный зеленовато-желтом фоне;Защита  Попугай;838;True;5
570;Гибвысны;Олень на Базальтово-сером фоне;Тихие не Слон;127;True;23
571;Блэкдурммы;Конь на Амарантово-пурпурном фоне;Тихие живет Слон;108;False;17
572;Гибкевхи;Змей на Бледный серо-коричневом фоне;Бог есть Кабан;577;True;15
573;Санвысны;Лань на Васильковом фоне;Долг есть Слон;290;True;2
574;Вудберки;Журавль на Бледный фиолетово-красном фоне;Слава живет Грач;605;True;16
575;Фицливлоу;Собака на Бронзовом фоне;Справедливость живет Конь;845;True;11
576;Ривберры;Кролик на Бирюзово-синем фоне;Защита живет Утка;544;False;4
577;Фицшетты;Пальма на Аметистовом фоне;Громкие не Олень;448;False;12
578;Вебтигки;Змей на Бежево-красном фоне;Честь не Попугай;819;False;10
579;Бридкевлоу;Сова на Бледный фиолетово-красном фоне;Слава  Конь;763;True;24
580;Ривдурвеи;Пчела на Бледный зеленом фоне;Страх  Ласточка;28;False;17
581;Ривоны;Сокол на Бирюзово-синем фоне;Тихие не Аист;898;True;15
582;Фицберри;Олень на Бледный пурпурно-розовом фоне;Жизнь есть Змей;624;False;4
583;Хоакеввеи;Лев на Бирюзово-зеленом фоне;Громкие живет Лев;853;False;22
584;Вуддравеи;Сова на Бронзовом фоне;Справедливость есть Антилопа;79;True;9
585;Вуддраки;Слон на Бледный пурпурно-синем фоне;Громкие не Бык;692;True;12
586;Фицдрари;Грач на Бежево-коричневом фоне;Справедливость есть Бабочка;457;False;17
587;Хоадрари;Ворон на Бледно-зелено-сером фоне;Тихие не Орёл;324;False;23
588;Хоавеи;Грач на Бледно-зеленом фоне;Тихие живет Дуб;659;True;10
589;Стоуншетммы;Пальма на Бирюзовом фоне;Тихие не Орёл;780;False;3
590;Краномхи;Кролик на Бронзовом фоне;Громкие  Пеликан;996;False;16
591;Кракилоу;Кролик на Бордовом фоне;Справедливость есть Пчела;148;True;17
592;Вудшетри;Лев на Амарантово-розовом фоне;Дорога есть Журавль;22;False;2
593;Бридтигвеи;Сова на Бордово-фиолетовом фоне;Тихие есть Лев;469;True;11
594;Ривлерки;Змей на Бледный пурпурно-синем фоне;Бог  Журавль;690;False;12
595;Фицномоны;Муравей на Бледно-зелено-сером фоне;Защита  Лебедь;507;False;11
596;Стоункины;Лев на Амарантовый светло-вишневом фоне;Справедливость живет Собака;664;False;20
597;Вебты;Кролик на Амарантово-пурпурном фоне;Страх живет Собака;122;True;1
598;Браномммы;Дуб на Бледно-васильковом фоне;Жизнь живет Дуб;798;True;3
599;Кракевты;Журавль на Аметистовом фоне;Дорога есть Пеликан;261;False;22
600;Вебкевли;Пеликан на Болотном фоне;Защита живет Пеликан;376;True;21
601;Санберры;Антилопа на Аспидно-сером фоне;Защита есть Орёл;673;False;1
602;Кракеври;Дельфин на Амарантово-пурпурном фоне;Бог не Грач;472;True;3
603;Санлерны;Дельфин на Бледно-зелено-сером фоне;Мы живет Муравей;87;False;7
604;Бракихи;Пеликан на Амарантовом фоне;Мы  Конь;927;False;12
605;Фицтигты;Слон на Бледно-карминном фоне;Честь есть Кабан;404;False;18
606;Фицкевхи;Кролик на Васильковом фоне;Долг не Павлин;303;False;13
607;Бридкевды;Пальма на Амарантово-пурпурном фоне;Тихие не Ворон;809;False;2
608;Стоункеввеи;Бабочка на Болотном фоне;Честь живет Аист;390;False;20
609;Сандраки;Волк на Аквамариновом фоне;Бог есть Медведь;376;False;22
610;Блэкберммы;Конь на Васильковом фоне;Жизнь  Ласточка;885;False;14
611;Вудтигммы;Попугай на Бирюзово-синем фоне;Честь есть Кошка;526;True;19
612;Ривкевлоу;Овца на Бежево-сером фоне;Мы не Павлин;277;True;23
613;Фицвысды;Пчела на Амарантовый светло-вишневом фоне;Мы  Морская раковина;617;True;9
614;Сантигли;Слон на Бледно-васильковом фоне;Бог  Змей;584;True;15
615;Бриддурммы;Конь на Бело-зеленом фоне;Мы живет Пчела;794;True;19
616;Сандурммы;Бабочка на Алом фоне;Справедливость  Лань;849;False;7
617;Блэккиры;Кролик на Абрикосовом фоне;Честь не Орёл;278;True;25
618;Блэквысты;Слон на Бледно-фиолетовом фоне;Громкие живет Кролик;882;False;22
619;Стоунлервеи;Слон на Вересково-фиолетовом фоне;Долг  Медведь;67;False;13
620;Бридлоу;Пчела на Бледно-васильковом фоне;Честь  Оливковое дерево;969;True;23
621;Ривцакны;Овца на Бледный синем фоне;Мы не Антилопа;409;False;2
622;Браберны;Антилопа на Бледно-фиолетовом фоне;Тихие живет Бык;534;False;21
623;Хоавыски;Собака на Васильковом фоне;Честь живет Попугай;270;True;23
624;Вуддурхи;Лань на Амарантовом фоне;Честь  Бык;502;False;15
625;Стоунцакры;Попугай на Бледно-синем фоне;Страх есть Кабан;708;False;14
626;Бридберли;Утка на Бледно-розоватом фоне;Мы не Сова;889;False;1
627;Гиблерли;Олень на Бледный желто-зеленом фоне;Защита живет Ласточка;356;True;10
628;Фицберхи;Попугай на Вересково-фиолетовом фоне;Жизнь живет Ворон;631;False;20
629;Хоаберты;Бык на Бледно-коричневом фоне;Громкие не Журавль;963;False;24
630;Фицберри;Ласточка на Бледный серо-коричневом фоне;Тихие есть Лань;815;True;13
631;Стоунвысды;Ласточка на Бледный синем фоне;Справедливость есть Оливковое дерево;80;True;9
632;Краномлоу;Лань на Бронзовом фоне;Долг не Лань;753;True;11
633;Гибцакты;Собака на Бледный зеленовато-желтом фоне;Слава не Грач;788;False;19
634;Ривперлоу;Дельфин на Ванильном фоне;Честь не Кабан;346;True;14
635;Блэклерды;Журавль на Аквамариновом фоне;Слава живет Бык;826;False;18
636;Бридтигри;Медведь на Бело-зеленом фоне;Страх  Ворон;964;False;23
637;Гиблерры;Кошка на Бледный желто-розовом фоне;Мы живет Утка;84;False;11
638;Санкионы;Оливковое дерево на Бледный желто-розовом фоне;Громкие есть Конь;550;True;20
639;Краливоны;Бабочка на Бледно-зелено-сером фоне;Долг живет Кошка;597;True;9
640;Блэкдравеи;Пальма на Вересково-фиолетовом фоне;Тихие  Лев;318;True;25
641;Блэкдрары;Грач на Белоснежном фоне;Мы  Лебедь;582;True;4
642;Хоаномоны;Лань на Бледно-пурпурном фоне;Честь живет Конь;944;True;2
643;Гибвеи;Медведь на Амарантовом фоне;Мы не Бабочка;900;False;21
644;Фицвыслоу;Пчела на Вересково-фиолетовом фоне;Честь не Ласточка;955;True;9
645;Фицкили;Пальма на Вересково-фиолетовом фоне;Слава не Антилопа;233;True;13
646;Фицдраки;Кабан на Бледно-зеленом фоне;Дорога не Лань;64;False;6
647;Санлерммы;Бык на Ализариновый красном фоне;Долг  Медведь;505;True;7
648;Брашетры;Волк на Бледный фиолетово-красном фоне;Мы  Пеликан;170;True;24
649;Вуддралоу;Оливковое дерево на Аквамариновом фоне;Мы не Медведь;796;False;21
650;Стоуншетры;Аист на Алом фоне;Слава не Утка;212;True;14
651;Бридкевны;Медведь на Бледно-синем фоне;Дорога  Овца;692;False;7
652;Блэктиглоу;Сова на Бронзовом фоне;Тихие не Страус;642;True;2
653;Вебкионы;Собака на Бледный фиолетово-красном фоне;Справедливость не Аист;492;False;22
654;Вебперхи;Страус на Бордово-фиолетовом фоне;Тихие не Лань;656;True;23
655;Фиццакли;Медведь на Бордовом фоне;Дорога не Бабочка;438;False;18
656;Браномны;Змей на Бледно-каштановом фоне;Жизнь не Павлин;336;True;13
657;Крацакды;Собака на Бледный зеленом фоне;Дорога живет Аист;10;True;19
658;Вебдраки;Змей на Бледно-пурпурном фоне;Справедливость не Грач;49;False;10
659;Санры;Журавль на Бледно-синем фоне;Дорога не Конь;989;True;7
660;Стоуншетты;Аист на Бело-алюминиевом фоне;Дорога  Пчела;716;False;22
661;Вудтигри;Кабан на Аметистовом фоне;Мы есть Медведь;976;True;23
662;Вебри;Павлин на Аспидно-сером фоне;Слава  Оливковое дерево;810;False;23
663;Гиббероны;Муравей на Бледный синем фоне;Защита есть Сова;634;False;9
664;Кракевммы;Ворон на Бледно-васильковом фоне;Громкие живет Павлин;126;True;24
665;Хоакихи;Лев на Амарантово-розовом фоне;Страх  Собака;865;False;15
666;Блэктигвеи;Попугай на Бледно-фиолетовом фоне;Тихие есть Оливковое дерево;411;True;6
667;Гибномки;Волк на Бирюзово-зеленом фоне;Честь  Сокол;76;True;7
668;Санвысты;Павлин на Белоснежном фоне;Тихие не Медведь;204;True;13
669;Стоунвеи;Лев на Бледно-пурпурном фоне;Бог живет Дуб;764;False;5
670;Ривливммы;Олень на Абрикосовом фоне;Долг живет Слон;80;True;12
671;Фицкевммы;Ворон на Бледно-пурпурном фоне;Защита есть Попугай;452;False;11
672;Хоакевды;Сова на Бледный желто-розовом фоне;Дорога  Журавль;605;True;5
673;Фицпервеи;Лань на Бледный пурпурно-розовом фоне;Слава не Волк;628;True;15
674;Вуддрахи;Пеликан на Бледно-каштановом фоне;Долг не Собака;363;True;25
675;Краномоны;Лев на Бледный желто-розовом фоне;Жизнь не Оливковое дерево;309;False;20
676;Бридцакли;Кролик на Бледно-карминном фоне;Бог  Аист;495;False;9
677;Санномры;Кабан на Бело-алюминиевом фоне;Тихие есть Страус;802;True;25
678;Блэкли;Грач на Бледно-песочном фоне;Мы не Медведь;852;True;9
679;Гиблероны;Антилопа на Амарантовый светло-вишневом фоне;Справедливость есть Павлин;418;False;6
680;Санты;Медведь на Бледный пурпурно-синем фоне;Справедливость есть Волк;603;False;9
681;Стоунвысоны;Ласточка на Бледный зеленом фоне;Страх  Слон;795;True;24
682;Кравысры;Муравей на Бледный пурпурно-синем фоне;Защита  Бык;568;True;15
683;Блэккевры;Лань на Бирюзово-синем фоне;Честь живет Бык;618;False;11
684;Брацаквеи;Аист на Бронзовом фоне;Долг есть Собака;166;True;24
685;Кракины;Слон на Бледно-зелено-сером фоне;Громкие есть Медведь;352;True;5
686;Ривливры;Ворон на Бирюзовом фоне;Защита  Оливковое дерево;489;False;20
687;Санберры;Волк на Белом фоне;Тихие живет Орёл;885;False;6
688;Кравысри;Кошка на Бледно-розоватом фоне;Справедливость  Сова;245;False;1
689;Вебдраоны;Журавль на Бледно-песочном фоне;Страх есть Сокол;921;True;16
690;Кравысды;Попугай на Бледно-фиолетовом фоне;Долг не Волк;185;False;22
691;Бридкили;Дельфин на Белоснежном фоне;Громкие живет Сова;858;False;6
692;Бридкевхи;Журавль на Амарантовый светло-вишневом фоне;Страх не Муравей;256;True;9
693;Краберты;Лев на Амарантовом фоне;Страх живет Попугай;368;True;10
694;Стоунливды;Ласточка на Базальтово-сером фоне;Тихие есть Пальма;129;True;24
695;Блэквысры;Слон на Бледно-зелено-сером фоне;Дорога не Лань;31;True;24
696;Браперны;Антилопа на Бело-алюминиевом фоне;Громкие живет Утка;470;False;10
697;Вебцакты;Утка на Бледно-зеленом фоне;Честь есть Грач;336;False;20
698;Фицкихи;Бабочка на Амарантовом фоне;Страх  Павлин;150;False;18
699;Хоаперммы;Дуб на Бледно-каштановом фоне;Честь есть Орёл;581;True;19
700;Вудперки;Сова на Алом фоне;Тихие не Конь;190;False;1
701;Санкири;Журавль на Бледный зеленом фоне;Долг не Морская раковина;171;False;19
702;Хоаномли;Сокол на Бледный серо-коричневом фоне;Жизнь есть Пальма;722;False;8
703;Браберммы;Кабан на Бирюзово-синем фоне;Справедливость живет Волк;212;False;6
704;Саншетоны;Утка на Бледный желто-зеленом фоне;Дорога не Олень;381;True;19
705;Вебномты;Журавль на Бледно-коричневом фоне;Бог не Попугай;890;True;1
706;Ривкири;Лев на Бледный пурпурно-розовом фоне;Долг  Орёл;986;True;23
707;Хоадраки;Змей на Бледно-золотистом фоне;Долг не Попугай;781;False;16
708;Блэклерммы;Бык на Болотном фоне;Жизнь есть Слон;70;False;15
709;Кралерты;Дуб на Бледный желто-розовом фоне;Справедливость  Орёл;355;False;8
710;Гибперлоу;Орёл на Ванильном фоне;Мы  Грач;734;False;18
711;Кралерды;Лев на Аспидно-сером фоне;Громкие живет Кошка;751;False;18
712;Фиццакры;Конь на Васильковом фоне;Громкие  Олень;85;False;12
713;Бридперды;Змей на Бежево-сером фоне;Тихие есть Сова;218;False;5
714;Вебшетты;Кабан на Бледный красно-пурпурном фоне;Справедливость есть Пеликан;925;True;17
715;Блэкдурвеи;Орёл на Болотном фоне;Жизнь  Конь;409;False;24
716;Фицкины;Павлин на Бледный пурпурно-синем фоне;Тихие есть Кабан;577;True;6
717;Вебдралоу;Змей на Бежево-коричневом фоне;Громкие  Павлин;948;True;17
718;Санливхи;Бабочка на Бледно-розовом фоне;Слава не Бабочка;683;True;2
719;Вудшетммы;Сокол на Бирюзовом фоне;Защита не Журавль;423;False;12
720;Бридри;Медведь на Бледно-каштановом фоне;Бог  Лебедь;286;False;4
721;Крадурны;Страус на Бледный серо-коричневом фоне;Слава  Пеликан;375;False;14
722;Браномды;Сокол на Бледный серо-коричневом фоне;Справедливость  Дуб;707;True;12
723;Ривномвеи;Волк на Амарантово-пурпурном фоне;Справедливость есть Муравей;621;False;16
724;Гибливоны;Лебедь на Бледный пурпурно-розовом фоне;Честь живет Сокол;847;True;6
725;Блэккевхи;Конь на Бледный желто-розовом фоне;Бог есть Морская раковина;206;False;5
726;Ривливты;Медведь на Бледно-васильковом фоне;Защита есть Муравей;109;False;7
727;Кракевхи;Ласточка на Алом фоне;Слава есть Собака;396;True;1
728;Хоацакхи;Бык на Бежево-коричневом фоне;Жизнь живет Конь;692;True;14
729;Вебдрали;Утка на Бледный зеленовато-желтом фоне;Дорога живет Овца;917;True;25
730;Фицкевры;Оливковое дерево на Бледно-золотистом фоне;Бог живет Пальма;593;False;17
731;Блэкномвеи;Бык на Амарантово-пурпурном фоне;Тихие  Сова;442;True;25
732;Гибцакри;Ворон на Бледно-зеленом фоне;Слава  Овца;943;True;15
733;Бридливны;Антилопа на Бледно-коричневом фоне;Мы  Змей;24;False;4
734;Бридлерхи;Кошка на Болотном фоне;Жизнь  Овца;636;False;19
735;Веблерммы;Страус на Амарантовом фоне;Мы не Пальма;466;False;17
736;Санливхи;Сокол на Белом фоне;Тихие живет Антилопа;341;False;6
737;Санберры;Орёл на Базальтово-сером фоне;Слава живет Лев;844;True;6
738;Брапервеи;Попугай на Бордово-фиолетовом фоне;Слава живет Орёл;834;False;18
739;Гибцаконы;Лань на Бледный синем фоне;Жизнь есть Аист;91;False;21
740;Стоункиты;Лань на Аспидно-синем фоне;Защита  Оливковое дерево;951;True;22
741;Вебливри;Сова на Амарантово-пурпурном фоне;Честь  Дельфин;39;False;1
742;Блэкли;Лев на Бледно-карминном фоне;Мы есть Грач;919;False;21
743;Стоункиры;Попугай на Абрикосовом фоне;Защита живет Змей;376;True;23
744;Гибномри;Лань на Бледно-пурпурном фоне;Защита живет Утка;637;True;5
745;Вебномхи;Бабочка на Бледно-песочном фоне;Тихие  Лань;973;False;3
746;Бридты;Ворон на Бледно-коричневом фоне;Честь не Попугай;278;False;3
747;Блэкцакри;Аист на Бледный зеленом фоне;Слава есть Утка;32;True;7
748;Стоункилоу;Змей на Белом фоне;Слава живет Пчела;870;True;24
749;Вудперры;Медведь на Васильковом фоне;Слава живет Слон;821;True;9
750;Бридливли;Журавль на Бледно-коричневом фоне;Мы  Страус;731;False;20
751;Вудкевты;Грач на Бежево-сером фоне;Слава живет Попугай;542;False;16
752;Хоаливды;Волк на Бледно-коричневом фоне;Справедливость есть Сова;940;True;14
753;Браперны;Пчела на Аквамариновом фоне;Жизнь не Страус;756;False;20
754;Брадраоны;Собака на Вересково-фиолетовом фоне;Тихие есть Попугай;819;True;24
755;Хоадуроны;Конь на Бриллиантово-синем фоне;Честь есть Грач;623;True;23
756;Блэкхи;Кролик на Бледный пурпурно-синем фоне;Дорога  Конь;581;False;23
757;Вуддраоны;Слон на Бледно-карминном фоне;Справедливость не Дельфин;36;False;9
758;Хоаливки;Утка на Бледно-каштановом фоне;Мы живет Олень;856;False;16
759;Санберры;Слон на Ванильном фоне;Защита живет Пальма;835;True;15
760;Ривлероны;Пчела на Бледно-зелено-сером фоне;Долг не Муравей;378;False;24
761;Бракихи;Журавль на Бордовом фоне;Жизнь есть Антилопа;78;True;17
762;Санлерды;Оливковое дерево на Амарантово-розовом фоне;Бог  Грач;745;False;17
763;Стоунливлоу;Пчела на Бледно-каштановом фоне;Дорога не Ворон;413;True;7
764;Блэкпервеи;Пеликан на Бледно-пурпурном фоне;Страх живет Бык;332;False;3
765;Вуддурвеи;Слон на Бежево-коричневом фоне;Громкие живет Волк;981;True;14
766;Бридкевхи;Оливковое дерево на Болотном фоне;Справедливость  Аист;535;True;21
767;Стоундурлоу;Пчела на Бледный желто-зеленом фоне;Бог живет Морская раковина;748;False;2
768;Хоабервеи;Змей на Абрикосовом фоне;Жизнь не Слон;204;False;23
769;Блэкдурли;Сова на Аквамариновом фоне;Долг есть Лебедь;415;False;16
770;Бридномты;Кролик на Аквамариновом фоне;Долг живет Олень;417;False;21
771;Фицномли;Орёл на Бледный пурпурно-розовом фоне;Дорога живет Пчела;904;True;6
772;Бридномммы;Попугай на Бирюзовом фоне;Страх живет Павлин;933;False;11
773;Фицтигри;Конь на Амарантовый глубоко-пурпурном фоне;Долг есть Пеликан;219;True;24
774;Ривтигвеи;Лебедь на Бордовом фоне;Жизнь  Журавль;531;False;18
775;Фицливли;Бабочка на Бледный фиолетово-красном фоне;Честь есть Дуб;404;True;9
776;Бридкеввеи;Слон на Бледно-синем фоне;Честь не Овца;961;True;11
777;Вудшетны;Пальма на Бледный фиолетово-красном фоне;Долг  Пальма;761;True;3
778;Блэккики;Кошка на Бледный желто-розовом фоне;Тихие  Кошка;646;False;25
779;Кракили;Оливковое дерево на Бриллиантово-синем фоне;Защита живет Собака;589;True;23
780;Вудцаконы;Лань на Амарантовом фоне;Тихие живет Антилопа;808;False;15
781;Вудды;Орёл на Бежевом фоне;Честь живет Олень;962;False;8
782;Сандравеи;Муравей на Бледно-песочном фоне;Мы не Лань;984;True;20
783;Хоавысды;Кролик на Амарантовый глубоко-пурпурном фоне;Страх  Конь;121;True;14
784;Вебтигммы;Дуб на Бледно-песочном фоне;Честь живет Утка;27;False;25
785;Блэкперммы;Слон на Бледно-пурпурном фоне;Тихие есть Сова;941;False;8
786;Гибберки;Лань на Бледный пурпурно-розовом фоне;Защита  Конь;604;True;17
787;Ривперры;Павлин на Бледный пурпурно-синем фоне;Справедливость живет Слон;480;True;16
788;Риври;Медведь на Бледно-коричневом фоне;Справедливость не Морская раковина;207;False;20
789;Риввысоны;Оливковое дерево на Бежево-красном фоне;Долг есть Бык;35;True;20
790;Бридтигли;Пеликан на Бело-зеленом фоне;Честь  Орёл;249;True;23
791;Бракевты;Бык на Васильковом фоне;Справедливость не Кошка;133;False;6
792;Блэкномки;Сова на Бледно-розоватом фоне;Долг есть Дуб;248;True;7
793;Ривберки;Сокол на Бледно-песочном фоне;Честь живет Аист;634;True;20
794;Вудливлоу;Журавль на Бледный пурпурно-синем фоне;Слава  Медведь;919;True;19
795;Хоавыски;Дуб на Аметистовом фоне;Тихие есть Дельфин;330;False;11
796;Гибкионы;Грач на Бирюзово-синем фоне;Честь есть Кабан;174;True;24
797;Фицливды;Попугай на Бежево-красном фоне;Жизнь есть Лебедь;510;True;15
798;Вудпероны;Муравей на Бледный зеленом фоне;Тихие  Журавль;971;False;7
799;Стоундурхи;Орёл на Бирюзово-синем фоне;Честь живет Сова;635;True;6
800;Стоундраны;Конь на Амарантовый светло-вишневом фоне;Тихие не Ворон;365;True;20
801;Санкиммы;Сова на Бледно-зелено-сером фоне;Мы живет Слон;250;False;10
802;Санкевны;Бабочка на Алом фоне;Честь живет Змей;923;True;14
803;Веблерли;Слон на Бледный синем фоне;Страх  Морская раковина;184;True;9
804;Вебвыслоу;Волк на Амарантово-розовом фоне;Страх есть Попугай;135;True;22
805;Вудлерммы;Сокол на Базальтово-сером фоне;Страх живет Олень;669;False;19
806;Стоунномны;Овца на Аквамариновом фоне;Тихие живет Олень;950;True;2
807;Крацакри;Павлин на Бледный желто-розовом фоне;Жизнь не Орёл;441;False;20
808;Гибшетммы;Кошка на Бордово-фиолетовом фоне;Тихие есть Утка;590;True;1
809;Браперры;Антилопа на Бриллиантово-синем фоне;Бог не Грач;807;False;11
810;Стоуншетвеи;Ворон на Амарантовый светло-вишневом фоне;Бог не Ласточка;620;False;21
811;Гибкири;Лебедь на Бледный желто-розовом фоне;Жизнь  Лебедь;108;False;12
812;Санномны;Волк на Бледно-песочном фоне;Долг живет Волк;589;False;8
813;Вебномхи;Журавль на Бледный зеленовато-желтом фоне;Защита не Павлин;138;False;18
814;Блэкшетки;Дуб на Васильковом фоне;Слава есть Овца;852;False;7
815;Вудкири;Дельфин на Амарантово-розовом фоне;Честь  Змей;60;False;4
816;Бридшетды;Страус на Амарантово-розовом фоне;Громкие  Морская раковина;233;False;10
817;Вебливли;Павлин на Бледно-пурпурном фоне;Защита не Сокол;19;True;2
818;Краномды;Ворон на Болотном фоне;Защита  Морская раковина;954;True;17
819;Браберры;Лев на Бело-алюминиевом фоне;Мы есть Лев;227;False;3
820;Гибкиммы;Муравей на Амарантово-розовом фоне;Громкие  Дельфин;962;False;12
821;Сандрали;Журавль на Бордовом фоне;Страх есть Овца;954;False;18
822;Стоунды;Антилопа на Аспидно-синем фоне;Бог не Грач;707;False;2
823;Стоунливвеи;Пчела на Бледный серо-коричневом фоне;Защита есть Утка;173;False;7
824;Гибливлоу;Дельфин на Бледный серо-коричневом фоне;Тихие не Грач;886;False;17
825;Стоундрары;Лебедь на Вересково-фиолетовом фоне;Тихие есть Сокол;504;True;11
826;Стоундрари;Кабан на Аметистовом фоне;Жизнь живет Змей;503;False;17
827;Хоакихи;Морская раковина на Аметистовом фоне;Мы живет Лев;961;True;11
828;Хоадурны;Овца на Вересково-фиолетовом фоне;Справедливость не Медведь;799;False;21
829;Гибкевры;Орёл на Бледно-розоватом фоне;Справедливость не Журавль;194;True;3
830;Вебкеввеи;Сова на Бледно-пурпурном фоне;Жизнь  Медведь;262;True;1
831;Вебливммы;Орёл на Бледно-синем фоне;Честь есть Пальма;656;False;19
832;Гибшетки;Пальма на Бирюзово-синем фоне;Дорога есть Дельфин;108;True;23
833;Фицны;Оливковое дерево на Бежево-красном фоне;Защита есть Журавль;945;False;6
834;Вудкевли;Конь на Амарантово-пурпурном фоне;Слава  Орёл;509;True;11
835;Хоаномлоу;Пчела на Белом фоне;Долг живет Ласточка;982;False;10
836;Хоабервеи;Аист на Бирюзово-зеленом фоне;Слава есть Лев;897;True;4
837;Ривдурвеи;Журавль на Бледно-синем фоне;Долг не Грач;67;False;9
838;Ривномны;Грач на Аспидно-сером фоне;Тихие есть Ласточка;25;False;22
839;Бридны;Бык на Бледный желто-зеленом фоне;Страх есть Сокол;613;False;8
840;Вудкихи;Сова на Бледный зеленовато-желтом фоне;Жизнь  Морская раковина;673;False;22
841;Вебри;Сокол на Бледный зеленом фоне;Защита есть Аист;321;False;2
842;Ривномвеи;Утка на Абрикосовом фоне;Жизнь не Муравей;205;True;19
843;Санцакны;Лебедь на Амарантово-розовом фоне;Мы есть Ласточка;665;True;14
844;Ривномммы;Грач на Бежевом фоне;Честь живет Кабан;413;True;14
845;Хоадраны;Морская раковина на Бронзовом фоне;Громкие  Олень;402;True;5
846;Бридвысоны;Ласточка на Аспидно-сером фоне;Жизнь не Ласточка;456;False;14
847;Вудливры;Орёл на Бледный зеленовато-желтом фоне;Страх живет Медведь;56;True;1
848;Блэкперты;Кошка на Бледно-карминном фоне;Мы  Слон;479;True;22
849;Брадраки;Кролик на Ализариновый красном фоне;Страх есть Сокол;108;True;5
850;Блэкливли;Журавль на Болотном фоне;Бог не Овца;542;False;20
851;Вебперры;Кролик на Бежевом фоне;Долг  Попугай;955;False;9
852;Блэккики;Грач на Васильковом фоне;Справедливость  Конь;429;True;16
853;Бриддраты;Попугай на Бело-зеленом фоне;Защита не Ласточка;226;False;17
854;Блэккили;Попугай на Бежево-красном фоне;Справедливость не Лань;406;False;24
855;Блэкшетки;Антилопа на Бледный желто-розовом фоне;Справедливость есть Пчела;732;True;25
856;Сандурлоу;Ласточка на Бледный зеленовато-желтом фоне;Честь есть Кошка;99;False;1
857;Фицкивеи;Овца на Аквамариновом фоне;Тихие есть Ласточка;666;True;14
858;Гибперммы;Овца на Амарантовом фоне;Бог есть Лев;150;True;17
859;Стоунберхи;Кролик на Бордово-фиолетовом фоне;Тихие не Лев;60;False;3
860;Блэктигммы;Антилопа на Бледный зеленом фоне;Защита не Бык;649;True;3
861;Браберлоу;Бабочка на Бледный зеленовато-желтом фоне;Защита не Орёл;929;True;25
862;Блэккевммы;Сокол на Абрикосовом фоне;Тихие не Орёл;843;False;24
863;Фицтигды;Медведь на Бледно-розовом фоне;Слава есть Журавль;125;False;24
864;Стоунливри;Овца на Бледно-каштановом фоне;Жизнь не Сова;216;False;16
865;Блэкномхи;Пчела на Бело-алюминиевом фоне;Жизнь не Утка;408;False;14
866;Блэктигвеи;Медведь на Бледно-зелено-сером фоне;Долг живет Овца;73;False;18
867;Фицлерны;Морская раковина на Васильковом фоне;Честь есть Собака;200;True;11
868;Гибвысри;Сокол на Бордово-фиолетовом фоне;Дорога живет Ворон;804;False;21
869;Вебперри;Пчела на Амарантово-розовом фоне;Жизнь есть Лев;48;False;15
870;Стоунливры;Змей на Бело-алюминиевом фоне;Страх  Грач;878;True;23
871;Веббероны;Олень на Бледно-зеленом фоне;Тихие есть Страус;185;True;13
872;Вебкиры;Дельфин на Бледный зеленом фоне;Долг не Конь;883;False;17
873;Бридберммы;Змей на Бледно-васильковом фоне;Честь не Лебедь;389;False;22
874;Стоунвысры;Страус на Болотном фоне;Мы есть Пчела;559;False;18
875;Гибперки;Кабан на Бриллиантово-синем фоне;Честь есть Ворон;505;True;8
876;Вебкеввеи;Змей на Бордово-фиолетовом фоне;Громкие живет Слон;62;True;11
877;Вудки;Медведь на Бледный пурпурно-розовом фоне;Тихие есть Оливковое дерево;698;True;8
878;Хоадурны;Лебедь на Васильковом фоне;Честь не Сова;751;False;17
879;Бридкеввеи;Аист на Бледный пурпурно-розовом фоне;Мы не Лань;851;True;14
880;Санцакки;Медведь на Бело-зеленом фоне;Страх не Оливковое дерево;408;False;14
881;Бриддрали;Ворон на Бледный пурпурно-розовом фоне;Слава не Ласточка;845;True;19
882;Фицлоу;Антилопа на Васильковом фоне;Страх есть Ласточка;250;True;21
883;Вудтигвеи;Пальма на Васильковом фоне;Громкие не Утка;984;True;4
884;Санберки;Кабан на Болотном фоне;Дорога есть Кролик;612;False;21
885;Блэкшетны;Страус на Бирюзовом фоне;Тихие  Медведь;466;True;2
886;Бридцакхи;Журавль на Белоснежном фоне;Долг не Утка;50;True;5
887;Блэкцакры;Дуб на Алом фоне;Долг не Слон;262;True;21
888;Вудлерммы;Слон на Аспидно-синем фоне;Бог есть Пальма;189;True;23
889;Хоаберммы;Лебедь на Бледно-песочном фоне;Дорога не Дуб;998;True;15
890;Бракевоны;Сокол на Бледный серо-коричневом фоне;Слава  Павлин;143;False;24
891;Гибдурли;Бабочка на Ванильном фоне;Слава живет Пальма;367;True;19
892;Вебдурвеи;Лебедь на Аспидно-сером фоне;Честь не Бык;472;True;4
893;Блэкки;Лань на Бледный красно-пурпурном фоне;Защита есть Попугай;771;False;4
894;Ривтигммы;Утка на Бело-зеленом фоне;Громкие не Змей;468;False;14
895;Вебцакны;Дуб на Аспидно-сером фоне;Долг  Конь;897;True;10
896;Крацакды;Ворон на Бирюзово-зеленом фоне;Тихие живет Кабан;758;False;13
897;Блэкливры;Утка на Бирюзово-зеленом фоне;Бог есть Олень;57;False;12
898;Ривномры;Сова на Вересково-фиолетовом фоне;Долг живет Лань;185;False;1
899;Фицдрады;Медведь на Болотном фоне;Бог  Журавль;191;True;8
900;Вудцакки;Журавль на Бежево-сером фоне;Бог есть Слон;803;True;22
901;Риввысны;Попугай на Вересково-фиолетовом фоне;Бог  Морская раковина;876;True;18
902;Краливки;Бык на Бледно-синем фоне;Слава живет Дуб;171;True;9
903;Бралерры;Кролик на Бледно-зелено-сером фоне;Честь  Дуб;877;False;3
904;Бридномвеи;Лань на Бледно-каштановом фоне;Дорога есть Ворон;769;False;12
905;Гибперлоу;Лебедь на Бронзовом фоне;Слава есть Страус;869;False;24
906;Фиццакли;Медведь на Бледный серо-коричневом фоне;Защита не Кабан;867;False;19
907;Веблерммы;Пчела на Аквамариновом фоне;Защита  Морская раковина;974;True;17
908;Бракевли;Овца на Бледно-пурпурном фоне;Страх не Пеликан;82;True;9
909;Бралерны;Сокол на Ализариновый красном фоне;Защита живет Дельфин;448;False;13
910;Ривкионы;Журавль на Белоснежном фоне;Тихие есть Попугай;70;True;20
911;Блэккевхи;Лебедь на Бледный пурпурно-синем фоне;Громкие есть Аист;883;True;5
912;Вебцаклоу;Антилопа на Бледно-зеленом фоне;Жизнь  Кролик;879;False;12
913;Блэккевоны;Сокол на Бледный фиолетово-красном фоне;Страх не Медведь;199;False;17
914;Риввеи;Утка на Бледный желто-зеленом фоне;Дорога не Антилопа;720;True;7
915;Бравысны;Слон на Абрикосовом фоне;Мы живет Овца;656;False;14
916;Вудномоны;Ворон на Амарантовом фоне;Слава не Орёл;980;False;5
917;Санлерлоу;Конь на Болотном фоне;Честь живет Сокол;199;False;1
918;Кратигхи;Бык на Бело-зеленом фоне;Слава  Грач;231;True;5
919;Ривтигммы;Ласточка на Амарантовый светло-вишневом фоне;Тихие есть Олень;552;True;14
920;Блэккили;Сокол на Амарантовый светло-вишневом фоне;Страх живет Сова;841;True;20
921;Вебливвеи;Антилопа на Бледно-васильковом фоне;Справедливость не Дуб;631;True;7
922;Гибномлоу;Конь на Амарантовый глубоко-пурпурном фоне;Громкие не Бабочка;30;True;10
923;Блэкдрари;Медведь на Амарантовый светло-вишневом фоне;Справедливость  Морская раковина;243;False;24
924;Стоуноны;Журавль на Бледно-синем фоне;Дорога есть Кабан;246;False;16
925;Вебшетхи;Лев на Амарантово-розовом фоне;Мы  Змей;68;True;25
926;Ривперды;Кабан на Амарантовом фоне;Громкие живет Лебедь;320;True;16
927;Блэклерхи;Муравей на Аметистовом фоне;Бог не Волк;441;True;5
928;Санвысхи;Страус на Васильковом фоне;Мы не Лебедь;791;True;19
929;Санбервеи;Пчела на Бронзовом фоне;Страх не Конь;826;True;22
930;Хоатигммы;Волк на Бледно-розоватом фоне;Громкие  Кошка;35;True;20
931;Рившетты;Оливковое дерево на Бледно-синем фоне;Громкие есть Антилопа;282;True;22
932;Санкионы;Попугай на Ализариновый красном фоне;Дорога есть Морская раковина;767;False;15
933;Краномки;Дуб на Бледный зеленом фоне;Честь не Конь;67;True;15
934;Бракиды;Оливковое дерево на Белоснежном фоне;Жизнь живет Морская раковина;314;False;6
935;Бридвысоны;Сокол на Болотном фоне;Страх не Конь;320;True;16
936;Гибри;Лань на Бледно-каштановом фоне;Честь живет Павлин;467;True;9
937;Стоунвысвеи;Пеликан на Бледно-карминном фоне;Защита не Лань;960;True;8
938;Гибливры;Попугай на Бело-алюминиевом фоне;Долг  Морская раковина;880;False;24
939;Сантигммы;Грач на Бледный желто-розовом фоне;Честь живет Кошка;362;True;12
940;Фицдурммы;Ласточка на Бледно-розовом фоне;Справедливость не Пчела;326;False;13
941;Вудвысли;Страус на Амарантовый глубоко-пурпурном фоне;Долг живет Змей;633;True;12
942;Крапервеи;Морская раковина на Амарантовый глубоко-пурпурном фоне;Долг  Оливковое дерево;911;True;5
943;Сандурли;Антилопа на Белоснежном фоне;Долг  Кабан;333;False;16
944;Риввысвеи;Пальма на Бронзовом фоне;Мы не Муравей;687;False;11
945;Вудшетты;Орёл на Бледно-песочном фоне;Страх живет Пальма;993;False;4
946;Бридцаквеи;Кошка на Бледно-карминном фоне;Мы живет Журавль;445;True;10
947;Стоунномры;Дуб на Бледно-фиолетовом фоне;Мы не Антилопа;220;False;5
948;Гибливны;Лебедь на Ализариновый красном фоне;Жизнь  Ласточка;290;False;8
949;Хоаномки;Муравей на Бирюзовом фоне;Громкие живет Пеликан;470;True;20
950;Гибкиды;Лебедь на Бледно-васильковом фоне;Страх есть Дельфин;265;False;16
951;Фицливри;Кролик на Белоснежном фоне;Жизнь  Собака;728;True;18
952;Фицкиры;Ласточка на Бледно-песочном фоне;Мы живет Муравей;970;True;24
953;Бридвысры;Кошка на Бледно-карминном фоне;Страх живет Антилопа;46;False;24
954;Бриддраны;Антилопа на Бледный пурпурно-синем фоне;Дорога  Кабан;453;True;2
955;Браты;Олень на Ализариновый красном фоне;Жизнь есть Сокол;912;False;5
956;Вебдурты;Волк на Аметистовом фоне;Справедливость не Грач;520;True;21
957;Санлерри;Пеликан на Бежевом фоне;Дорога не Пеликан;184;False;24
958;Вудммы;Пеликан на Алом фоне;Громкие  Аист;667;True;2
959;Гибвысвеи;Слон на Бледный желто-зеленом фоне;Дорога  Морская раковина;176;False;10
960;Ривцакки;Змей на Базальтово-сером фоне;Защита живет Овца;750;False;2
961;Браномры;Кролик на Бледный серо-коричневом фоне;Мы есть Муравей;442;True;4
962;Фицдрари;Утка на Бирюзово-синем фоне;Тихие есть Сова;697;False;7
963;Хоатигды;Пчела на Амарантово-розовом фоне;Страх есть Дуб;26;False;7
964;Гибномхи;Бабочка на Бриллиантово-синем фоне;Страх есть Утка;462;True;2
965;Стоунберды;Бык на Аметистовом фоне;Дорога есть Бабочка;782;False;10
966;Кратигвеи;Сокол на Болотном фоне;Громкие  Павлин;513;False;5
967;Ривдурри;Оливковое дерево на Бледно-зеленом фоне;Бог живет Дельфин;880;True;7
968;Вудномры;Бык на Аметистовом фоне;Тихие  Лев;111;False;25
969;Блэкномоны;Лев на Бледный фиолетово-красном фоне;Честь  Змей;539;False;10
970;Санлерки;Страус на Васильковом фоне;Слава  Аист;931;False;11
971;Ривномды;Бабочка на Бежево-сером фоне;Честь не Сова;460;False;6
972;Блэкливли;Пчела на Бирюзово-зеленом фоне;Страх  Сова;284;True;1
973;Хоаномоны;Дельфин на Амарантовом фоне;Защита не Журавль;606;False;21
974;Блэккивеи;Змей на Аспидно-сером фоне;Справедливость есть Лань;711;True;11
975;Гибцакри;Дуб на Абрикосовом фоне;Дорога живет Дуб;812;False;12
976;Бридлерри;Страус на Бледно-золотистом фоне;Защита  Лебедь;774;False;1
977;Блэкдраты;Аист на Белоснежном фоне;Мы есть Слон;450;False;1
978;Санберммы;Морская раковина на Алом фоне;Справедливость есть Лев;623;False;9
979;Вуддурвеи;Кабан на Бледный фиолетово-красном фоне;Жизнь живет Медведь;382;True;24
980;Рившетвеи;Конь на Бежево-красном фоне;Защита есть Орёл;332;False;3
981;Стоунтигры;Бабочка на Бледный зеленом фоне;Громкие  Волк;688;True;3
982;Краберды;Муравей на Бирюзово-зеленом фоне;Жизнь не Олень;195;False;2
983;Вудшетвеи;Антилопа на Ализариновый красном фоне;Мы не Ласточка;701;True;22
984;Ривтигммы;Пчела на Бирюзово-синем фоне;Мы есть Лев;590;True;23
985;Вебкевки;Кабан на Аспидно-синем фоне;Слава  Попугай;268;True;20
986;Ривцакхи;Орёл на Бирюзово-синем фоне;Долг живет Лань;215;False;9
987;Фицли;Лев на Бронзовом фоне;Страх живет Утка;311;False;23
988;Браномды;Лев на Амарантово-пурпурном фоне;Долг есть Волк;104;True;19
989;Хоадуроны;Страус на Бледно-песочном фоне;Бог не Аист;339;False;24
990;Блэкдрады;Морская раковина на Бледно-каштановом фоне;Бог живет Утка;625;True;13
991;Хоашетли;Пчела на Бежево-коричневом фоне;Громкие живет Дельфин;606;True;17
992;Хоапервеи;Муравей на Абрикосовом фоне;Слава живет Пеликан;674;False;12
993;Стоунты;Кошка на Бирюзово-зеленом фоне;Мы живет Змей;439;False;13
994;Хоалервеи;Бабочка на Бледно-васильковом фоне;Жизнь живет Орёл;898;True;6
995;Вудливны;Аист на Бледно-синем фоне;Мы есть Медведь;702;False;6
996;Фицливны;Кошка на Бирюзовом фоне;Долг живет Дуб;58;False;12
997;Гибдурды;Ворон на Бежево-красном фоне;Дорога  Олень;910;False;4
998;Санвысвеи;Грач на Амарантово-розовом фоне;Тихие живет Ласточка;613;False;5
999;Ривномри;Грач на Бледно-песочном фоне;Мы есть Бык;262;True;20
1000;Бралоу;Пальма на Бледный желто-зеленом фоне;Долг  Дуб;515;False;12
1001;Брашетоны;Аист на Болотном фоне;Бог  Лебедь;429;False;15
1002;Хоавысвеи;Пчела на Болотном фоне;Громкие живет Волк;244;True;13
